sample,time_s,x_numerical,velocity,x_analytic
1,0.00125,0.99984375,-0.125,0.9999225230000549
2,0.0025,0.9995351806640626,-0.24685546875,0.9996926598290409
3,0.00375,0.9990781481895448,-0.3656259796142578,0.9993142083853527
4,0.005,0.9984764355662352,-0.48137009864759445,0.9987908957257497
5,0.00625,0.9977337538154513,-0.594145400627184,0.998126379239318
6,0.0075,0.9968537432094032,-0.7040084848384358,0.9973242478031943
7,0.00875,0.9958399744711299,-0.8110149906186503,0.9963880229203292
8,0.01,0.9946959499553023,-0.9152196126620753,0.9953211598395556
9,0.01125,0.9934251048101899,-1.0166761160899362,0.9941270486582238
10,0.0125,0.9920308081210787,-1.1154373512889615,0.9928090154076699
11,0.01375,0.9905163640354263,-1.2115552685218722,0.991370323121767
12,0.015,0.9888850128700347,-1.3050809323132537,0.9898141728888165
13,0.01625,0.987139932200517,-1.3960645356141768,0.9881437048870254
14,0.0175,0.9852842379333309,-1.484555413748887,0.9863619994038186
15,0.01875,0.9833209853606473,-1.5706020581468312,0.9844720778392254
16,0.02,0.9812531701983183,-1.6542521298632413,0.9824769036935781
17,0.02125,0.9790837296072039,-1.73555247289145,0.980379383539761
18,0.0225,0.9768155431981164,-1.8145491272700642,0.9781823679802369
19,0.02375,0.9744514340206313,-1.8912873419880771,0.9758886525890824
20,0.025,0.9719941695360176,-1.965811587690954,0.9735009788392561
21,0.02625,0.9694464625745293,-2.0381655691906824,0.9710220350153203
22,0.0275,0.9668109722773008,-2.1083922377827315,0.9684544571118348
23,0.02875,0.9640903050230848,-2.1765338033728256,0.9658008297176391
24,0.03,0.9612870153400643,-2.2426317464163907,0.9630636868862332
25,0.03125,0.9584036068029724,-2.306726829673489,0.9602455129924673
26,0.0325,0.9554425329157449,-2.368859109782023,0.9573487435757456
27,0.03375,0.95240619797993,-2.4290679486519404,0.9543757661699469
28,0.035,0.9492969579490761,-2.487392024683133,0.9513289211202632
29,0.03625,0.946117121269314,-2.5438693438096895,0.9482105023871498
30,0.0375,0.9428689497063476,-2.5985372503731115,0.9450227583375869
31,0.03875,0.9395546591590638,-2.651432437827077,0.9417678925238374
32,0.04,0.9361764204599684,-2.702590959276283,0.938448064449895
33,0.04125,0.9327363601626536,-2.7520482378518722,0.935065390325803
34,0.0425,0.9292365613164962,-2.799839076925907,0.9316219438100324
35,0.043750000000000004,0.9256790642287871,-2.8459976701673213,0.9281197567400948
36,0.045,0.9220658672144849,-2.8905576114417366,0.9245608198515713
37,0.04625,0.918398927333788,-2.933551904557504,0.9209470834857296
38,0.0475,0.9146801611177127,-2.97501297286029,0.9172804582859048
39,0.04875,0.9109114452818645,-3.014972668678497,0.91356281588281
40,0.05,0.9070946174285873,-3.0534622826217674,0.9097959895689501
41,0.051250000000000004,0.9032314767376688,-3.0905125527347965,0.9059817749622969
42,0.0525,0.899323784645783,-3.126153673508635,0.902121930659393
43,0.05375,0.8953732655148434,-3.160415304751642,0.8982181788780439
44,0.055,0.8913816072894407,-3.1933265803222066,0.8942722060897543
45,0.05625,0.8873504621435341,-3.2249161167253315,0.8902856636420672
46,0.0575,0.8832814471165652,-3.25521202157514,0.8862601683709553
47,0.058750000000000004,0.8791761447391585,-3.2842419019253324,0.8821973032034195
48,0.06,0.8750361036485715,-3.3120328724695938,0.8780986177504423
49,0.06125,0.8708628391940542,-3.3386115636139255,0.8739656288904393
50,0.0625,0.8666578340322756,-3.364004129422834,0.8697998213433592
51,0.06375,0.8624225387129739,-3.388236255441298,0.8656026482355706
52,0.065,0.8581583722549809,-3.411333166394387,0.8613755316556764
53,0.06625,0.853866722712773,-3.4333196337664003,0.8571198632013951
54,0.0675,0.8495489477336963,-3.454219983261337,0.8528370045176449
55,0.06875,0.8452063751060132,-3.4740581021465156,0.8485282878259628
56,0.07,0.8408403032979118,-3.4928574464811044,0.8441950164453962
57,0.07125000000000001,0.8364520019876227,-3.510641048231316,0.8398384653049892
58,0.0725,0.8320427125847802,-3.527431522273986,0.8354598814480003
59,0.07375,0.8276136487431675,-3.5432510732902336,0.8310604845279711
60,0.075,0.8231659968649788,-3.5581215025508737,0.8266414672967757
61,0.07625,0.8187009165967348,-3.5720642145952244,0.8222039960847702
62,0.0775,0.8142195413169787,-3.5851002238049356,0.8177492112731642
63,0.07875,0.8097229786158857,-3.5972501608744345,0.8132782277587353
64,0.08,0.8052123107669112,-3.608534279179559,0.8087921354109988
65,0.08125,0.8006885951906039,-3.618972461045934,0.8042919995219573
66,0.0825,0.7961528649107056,-3.6285842239186112,0.7997788612485324
67,0.08375,0.7916061290026625,-3.637388726434484,0.7952537380478015
68,0.085,0.7870493730346638,-3.645404774398955,0.7907176241051443
69,0.08625000000000001,0.7824835595013284,-3.6526508266683138,0.7861714907554083
70,0.08750000000000001,0.7779096282501543,-3.659145000939272,0.7816162868972031
71,0.08875,0.7733284969008455,-3.6649050794470592,0.7770529394004289
72,0.09,0.7687410612576286,-3.6699485145734885,0.7724823535071383
73,0.09125,0.7641481957146707,-3.6742924343663548,0.7679054132258438
74,0.0925,0.7595507536547064,-3.67795364797153,0.7633229817193612
75,0.09375,0.7549495678409825,-3.68094865097908,0.758735901686298
76,0.095,0.7503454508026266,-3.6832936306847257,0.7541449957362774
77,0.09625,0.7457391952135417,-3.685004471267936,0.7495510667589996
78,0.0975,0.7411315742649318,-3.6860967588879303,0.7449548982872349
79,0.09875,0.7365233420315582,-3.6865857866988487,0.7403572548538382
80,0.1,0.7319152338318266,-3.6864865597853225,0.7357588823428847
81,0.10125,0.727307966581802,-3.685813800019668,0.7311605083350101
82,0.10250000000000001,0.7227022391432496,-3.6845819508419013,0.726562842447052
83,0.10375000000000001,0.7180987326657949,-3.68280518196376,0.7219665766660744
84,0.105,0.7134981109232976,-3.6804973939978907,0.7173723856778683
85,0.10625,0.708901020644531,-3.6776722230133556,0.71278092719001
86,0.1075,0.7043080918382577,-3.674343045018588,0.708192842249562
87,0.10875,0.6997199381127915,-3.6705229803729056,0.7036087555555034
88,0.11,0.6951371569901319,-3.6662248981276817,0.6990292757659671
89,0.11125,0.690560330214759,-3.6614614202982563,0.6944549958003666
90,0.1125,0.6859900240571745,-3.656244926067645,0.6898864931364932
91,0.11375,0.6814267896122705,-3.6505875559231007,0.6853243301026586
92,0.115,0.6768711630926123,-3.644501215726557,0.6807690541649644
93,0.11625,0.6723236661167123,-3.63799758071997,0.6762211982097712
94,0.11750000000000001,0.6677848059923791,-3.6310880994665595,0.6716812808214432
95,0.11875000000000001,0.6632550759952179,-3.623783997728943,0.6671498065554422
96,0.12,0.6587349556423615,-3.6160962822851217,0.6626272662068448
97,0.12125,0.6542249109615074,-3.608035744683289,0.6581141370743511
98,0.1225,0.6497253947553369,-3.5996129649363953,0.6536108832198604
99,0.12375,0.6452368468613902,-3.5908383151574026,0.6491179557236786
100,0.125,0.6407596944074699,-3.5817219631361414,0.6446357929354277
101,0.12625,0.6362943520626466,-3.572273875858672,0.6401648207207257
102,0.1275,0.631841222283934,-3.562503822970036,0.6357054527037017
103,0.12875,0.6274006955587075,-3.552421380181277,0.6312580905054135
104,0.13,0.6229731506429305,-3.5420359326215833,0.6268231239782289
105,0.13125,0.6185589547952599,-3.53135667813641,0.6224009314362376
106,0.1325,0.6141584640070944,-3.520392630532407,0.6179918798817543
107,0.13375,0.6097720232286319,-3.5091526227699834,0.6135963252279745
108,0.135,0.6053999665910015,-3.497645310104313,0.609214612517845
109,0.13625,0.601042617624532,-3.4858791731755803,0.6048470761392072
110,0.1375,0.5967002894732205,-3.473862521049257,0.6004940400362728
111,0.13875,0.5923732851054615,-3.461603494207178,0.5961558179174897
112,0.14,0.5880618975210987,-3.449110067490181,0.5918327134598556
113,0.14125000000000001,0.5837664099548574,-3.436390052993064,0.5875250205097337
114,0.14250000000000002,0.5794870960762166,-3.4234511029125945,0.5832330232802296
115,0.14375000000000002,0.57522422018578,-3.4103007123493065,0.5789569965451791
116,0.145,0.5709780374082003,-3.3969462220637965,0.5746972058298043
117,0.14625,0.5667487938817151,-3.3833948211882268,0.5704539075980887
118,0.1475,0.5625367269443479,-3.3696535498937354,0.5662273494369255
119,0.14875,0.5583420653168298,-3.3557293020144354,0.5620177702370883
120,0.15,0.5541650292822939,-3.341628827628678,0.5578254003710745
121,0.15125,0.5500058308627961,-3.327358735598248,0.5536504618678751
122,0.1525,0.5458646739927134,-3.3129254960661414,0.5494931685847131
123,0.15375,0.5417417546890715,-3.298335442913577,0.5453537263758059
124,0.155,0.5376372612188504,-3.2835947761768716,0.5412323332581948
125,0.15625,0.5335513742633193,-3.268709564424806,0.5371291795746881
126,0.1575,0.529484267079448,-3.2536857470971006,0.5330444481539681
127,0.15875,0.5254361056584422,-3.238529136804604,0.5289783144679014
128,0.16,0.5214070488814525,-3.223245421591794,0.524930946786104
129,0.16125,0.5173972486724998,-3.2078401671621806,0.520902506327798
130,0.1625,0.5134068501486658,-3.1923188190671885,0.5168931474110094
131,0.16375,0.5094359917675919,-3.176686704859092,0.5129030175991458
132,0.165,0.5054848054723312,-3.1609490362085637,0.5089322578449984
133,0.16625,0.501553416833597,-3.145110910987391,0.5049810026322076
134,0.1675,0.4976419451894509,-3.129177315316906,0.5010493801142349
135,0.16875,0.49375050378247254,-3.1131531255826643,0.49713751225088026
136,0.17,0.48987919989445267,-3.097043110415907,0.4932455149423835
137,0.17125,0.4860281349786498,-3.080851932642316,0.489373498161152
138,0.17250000000000001,0.48219740478965156,-3.064584151198589,0.48552156608114816
139,0.17375000000000002,0.4783870995108799,-3.048244223017331,0.48168981720497955
140,0.17500000000000002,0.47459730387977894,-3.0318365048807574,0.47787834448872396
141,0.17625,0.4708280973107243,-3.0153652552437107,0.4740872354645308
142,0.1775,0.46707955401569123,-2.9988346360264586,0.47031657236102953
143,0.17875,0.46335174312271904,-2.9822487143777585,0.466566432221587
144,0.18,0.45964472879220825,-2.9656114644086546,0.46283688702044234
145,0.18125,0.45595857033108644,-2.948926768897464,0.459128003776758
146,0.1825,0.45229332230487845,-2.9321984209664134,0.4554398446666194
147,0.18375,0.4486490346477155,-2.9154301257303628,0.4517724671330161
148,0.185,0.4450257527703179,-2.898625501918068,0.4481259239938387
149,0.18625,0.4414235176659849,-2.881788083466406,0.44450026354792227
150,0.1875,0.43784236601462495,-2.864921321087994,0.44089552967916934
151,0.18875,0.4342823302848592,-2.848028583812622,0.43731176195878296
152,0.19,0.43074343883423055,-2.831113160502914,0.4337489957456417
153,0.19125,0.42722571600754977,-2.81417826134462,0.4302072622848456
154,0.1925,0.42372918223340983,-2.797227019311948,0.42668658880446503
155,0.19375,0.42025385411889943,-2.7802624916083256,0.423186998610519
156,0.195,0.4167997445425457,-2.76328766108298,0.41970851118021496
157,0.19625,0.41336686274551604,-2.7463054376237235,0.4162511422534774
158,0.1975,0.40995521442110816,-2.72931865952632,0.41281490392279185
159,0.19875,0.40656480180255716,-2.7123300948408002,0.40939980472139553
160,0.2,0.40319562374918827,-2.6953424426951,0.4060058497098381
161,0.20125,0.39984767583094283,-2.678358334596371,0.40263304056094157
162,0.2025,0.3965209504113049,-2.6613803357103296,0.39928137564318633
163,0.20375000000000001,0.39321543672865616,-2.6444109461189846,0.3959508501025464
164,0.20500000000000002,0.3899311209760848,-2.627452602057092,0.39264145594280275
165,0.20625000000000002,0.3866679863796752,-2.6105076771276754,0.389353182104359
166,0.20750000000000002,0.383426013275304,-2.593578483496943,0.3860860145415814
167,0.20875,0.38020517918396785,-2.5766672730689324,0.3828399362986938
168,0.21,0.3770054588856676,-2.559776238640205,0.3796149275842439
169,0.21125,0.373826824491874,-2.5429075150349085,0.37641096584417194
170,0.2125,0.37066924551659836,-2.52606318022052,0.3732280258334988
171,0.21375,0.36753268894609264,-2.509245256404582,0.37006607968666155
172,0.215,0.3644171193072017,-2.492455711112729,0.36692509698651543
173,0.21625,0.3613224987343913,-2.475696458248311,0.36380504483202614
174,0.2175,0.3582487870354739,-2.458969359133902,0.36070588790467495
175,0.21875,0.3551959417560552,-2.4422762235349884,0.35762758853359566
176,0.22,0.35216391824272253,-2.4256188106661205,0.35457010675946843
177,0.22125,0.34915266970499775,-2.408998830179808,0.35153340039718717
178,0.2225,0.3461621472760747,-2.3924179431384376,0.34851742509732436
179,0.22375,0.34319230007236284,-2.375877762969486,0.3455221344064122
180,0.225,0.3402430752518575,-2.359379856404294,0.3425474798260591
181,0.22625,0.33731441807135665,-2.342925744400669,0.3395934108709237
182,0.2275,0.3344062719425447,-2.326516903049572,0.33665987512556295
183,0.22875,0.331518578486962,-2.3101547644661506,0.33374681830017433
184,0.23,0.3286512775898803,-2.293840717665367,0.33085418428525226
185,0.23125,0.3258043074531022,-2.277576109422468,0.3279819152051746
186,0.2325,0.322977604646704,-2.261362245118544,0.3251299514707389
187,0.23375,0.3201711041597397,-2.2452003895714183,0.3222982318306666
188,0.23500000000000001,0.31738473944992457,-2.2290917678521005,0.31948669342209124
189,0.23625000000000002,0.3146184424923158,-2.2130375660870385,0.316695271820049
190,0.23750000000000002,0.3118721438270078,-2.197038932246402,0.3139239010859893
191,0.23875000000000002,0.3091457726058595,-2.1810969769186177,0.31117251381531913
192,0.24,0.30643925663827026,-2.1652127740713847,0.3084410411840025
193,0.24125,0.303752522436021,-2.1493873617993837,0.3057294129942257
194,0.2425,0.3010854952571974,-2.1336217430589017,0.30303755771914903
195,0.24375,0.29843809914921043,-2.1179168863895788,0.3003654025467576
196,0.245,0.29581025699093105,-2.1022737266234905,0.2977128734228282
197,0.24625,0.29320189053395385,-2.0866931655817695,0.2950798950930273
198,0.2475,0.29061292044300513,-2.0711760727589694,0.2924663911441535
199,0.24875,0.2880432663355109,-2.055723285995371,0.2898722840445427
200,0.25,0.28549284682033915,-2.0403356121374254,0.2872974951836458
201,0.25125000000000003,0.282961579535731,-2.025013827686532,0.284741944910798
202,0.2525,0.2804493811864356,-2.0097586794363353,0.2822055525731899
203,0.25375000000000003,0.2779561675800622,-1.9945708850987314,0.27968823655305575
204,0.255,0.27548185366266376,-1.9794511339187708,0.27718991430409373
205,0.25625,0.27302635355356547,-1.9644000872786345,0.2747105023871283
206,0.2575,0.27058958057945187,-1.9494183792908644,0.27224991650503194
207,0.25875,0.2681714473077256,-1.9345066173810241,0.2698080715369155
208,0.26,0.2657718655791506,-1.9196653828599641,0.26738488157160195
209,0.26125,0.2633907465397933,-1.904895231485859,0.2649802599403962
210,0.2625,0.26102800067227305,-1.8901966940161867,0.26259411924916154
211,0.26375,0.2586835378263358,-1.8755702767498161,0.2602263714097175
212,0.265,0.25635726724876157,-1.8610164620593628,0.25787692767056797
213,0.26625,0.2540490976126191,-1.846535708913974,0.2555456986469749
214,0.2675,0.25175893704587826,-1.832128453392702,0.2532325943503849
215,0.26875,0.24948669315939248,-1.8177951091886193,0.2509375242172251
216,0.27,0.2472322730742627,-1.803536068103828,0.2486603971370741
217,0.27125,0.24499558344859332,-1.789351700535515,0.24640112148022403
218,0.2725,0.2427765305036518,-1.7752423559532013,0.24415960512464063
219,0.27375,0.24057502004944264,-1.761208363367328,0.24193575548233465
220,0.275,0.238390957509706,-1.747250031789325,0.2397294795251534
221,0.27625,0.23622424794635186,-1.7333676506833051,0.2375406838100039
222,0.2775,0.23407479608333995,-1.7195614904095164,0.2353692745035171
223,0.27875,0.23194250633001534,-1.705831802659696,0.23321515740616325
224,0.28,0.22982728280390977,-1.6921788208844555,0.23107823797582824
225,0.28125,0.22772902935301872,-1.6786027607128329,0.22895842135086153
226,0.28250000000000003,0.22564764957756356,-1.6651038203641393,0.22685561237260313
227,0.28375,0.22358304685124827,-1.6516821810522313,0.22476971560740128
228,0.28500000000000003,0.22153512434202036,-1.6383380073823315,0.222700635368128
229,0.28625,0.2195037850323447,-1.6250714477405257,0.22064827573520382
230,0.28750000000000003,0.2174889317389996,-1.6118826346760557,0.21861254057713714
231,0.28875,0.21549046713240394,-1.5987716852765292,0.21659333357059224
232,0.29,0.21350829375548372,-1.5857387015361666,0.21459055821998818
233,0.29125,0.21154231404208723,-1.5727837707171979,0.2126041178766426
234,0.2925,0.20959243033495656,-1.5599069657045288,0.21063391575746576
235,0.29375,0.20765854490326432,-1.547108345353785,0.20867985496321348
236,0.295,0.20574055995972326,-1.5343879548328485,0.206741838496308
237,0.29625,0.20383837767727703,-1.5217458259569927,0.20481976927823314
238,0.2975,0.20195190020537987,-1.5091819775177275,0.20291355016651377
239,0.29875,0.20008102968587305,-1.4966964156054567,0.20102308397128393
240,0.3,0.19822566826846547,-1.4842891339260544,0.19914827347145578
241,0.30125,0.19638571812582614,-1.4719601141114613,0.19728902143049143
242,0.3025,0.19456108146829565,-1.4597093260244032,0.19544523061179017
243,0.30375,0.192751660558224,-1.4475367280573301,0.19361680379369373
244,0.305,0.1909573577239419,-1.4354422674256748,0.19180364378412076
245,0.30625,0.1891780753733725,-1.4234258804555258,0.19000565343483336
246,0.3075,0.18741371600729023,-1.4114874928658092,0.18822273565534642
247,0.30875,0.18566418223223388,-1.3996270200450753,0.18645479342648338
248,0.31,0.18392937677308016,-1.3878443673229777,0.18470172981358696
249,0.31125,0.1822092024852845,-1.3761394302365382,0.18296344797939032
250,0.3125,0.18050356236679538,-1.3645120947912852,0.1812398511965556
251,0.31375000000000003,0.1788123595696487,-1.3529622377173525,0.17953084285988585
252,0.315,0.1771354974112479,-1.3414897267206247,0.1778363264982168
253,0.31625000000000003,0.17547287938533662,-1.330094420729015,0.17615620578599356
254,0.3175,0.17382440917266917,-1.3187761701339569,0.17449038455454063
255,0.31875000000000003,0.17218999065138518,-1.3075348170271917,0.17283876680302715
256,0.32,0.170569527907094,-1.296370195432935,0.1712012567091381
257,0.32125,0.16896292524267464,-1.2852821315354983,0.16957775863945196
258,0.3225,0.16737008718779658,-1.2742704439024453,0.167968177159535
259,0.32375,0.16579091850816738,-1.2633349437033587,0.16637241704375472
260,0.325,0.164225324214512,-1.2524754349242957,0.16479038328481854
261,0.32625,0.1626732095712895,-1.2416917145780022,0.1632219811030441
262,0.3275,0.16113448010515205,-1.2309835729099634,0.16166711595536468
263,0.32875,0.1596090416131516,-1.2203507936003584,0.16012569354407669
264,0.33,0.1580968001706991,-1.2097931539619933,0.158597619825332
265,0.33125,0.15659766213928125,-1.1993104251342808,0.15708280101738326
266,0.3325,0.15511153417393958,-1.1889023722733338,0.15558114360858327
267,0.33375,0.15363832323051677,-1.1785687547382429,0.1540925543651466
268,0.335,0.15217793657267475,-1.1683093262736013,0.15261694033867584
269,0.33625,0.15073028177868933,-1.1581238351883456,0.1511542088734587
270,0.3375,0.14929526674802562,-1.148012024530973,0.1497042676135389
271,0.33875,0.14787279970769912,-1.137973632261202,0.14826702450956705
272,0.34,0.14646278921842645,-1.1280083914181342,0.1468423878254347
273,0.34125,0.14506514418057023,-1.1181160302849842,0.14543026614469617
274,0.3425,0.1436797738398822,-1.1082962725504308,0.14403056837678263
275,0.34375,0.1423065877930489,-1.0985488374666554,0.14264320376301254
276,0.34500000000000003,0.14094549599304373,-1.0888734400041202,0.14126808188240234
277,0.34625,0.1395964087542898,-1.0792697910031477,0.1399051126572816
278,0.34750000000000003,0.13825923675763685,-1.0697375973223553,0.13855420635871651
279,0.34875,0.13693389105515685,-1.060276561984001,0.13721527361174604
280,0.35000000000000003,0.13562028307476148,-1.0508863843162957,0.1358882254004332
281,0.35125,0.13431832462464557,-1.0415667600927334,0.1345729730727377
282,0.3525,0.13302792789755996,-1.0323173816684958,0.1332694283452105
283,0.35375,0.1317490054749175,-1.0231379381139785,0.13197750330751679
284,0.355,0.13048147033073562,-1.0140281153454938,0.13069711042678941
285,0.35625,0.12922523583541912,-1.0049875962531984,0.12942816255181602
286,0.3575,0.12798021575938626,-0.9960160608262959,0.12817057291706482
287,0.35875,0.1267463242765418,-0.9871131862755618,0.12692425514655054
288,0.36,0.12552347596760027,-0.9782786471532404,0.1256891232575458
289,0.36125,0.12431158582326232,-0.9695121154703594,0.12446509166413894
290,0.3625,0.12311056924724793,-0.9608132608115082,0.12325207518064411
291,0.36375,0.12192034205918903,-0.9521817504471265,0.12204998902486433
292,0.365,0.12074082049738484,-0.943617249443347,0.12085874882121238
293,0.36625,0.11957192122142304,-0.9351194207694364,0.11967827060369132
294,0.3675,0.11841356131466944,-0.9266879254028784,0.11850847081873911
295,0.36875,0.11726565828662927,-0.9183224224321401,0.1173492663279382
296,0.37,0.11612813007518281,-0.9100225691571653,0.11620057441059513
297,0.37125,0.11500089504869827,-0.901788021187634,0.11506231276619149
298,0.3725,0.11388387200802448,-0.8936184325390304,0.11393439951670968
299,0.37375,0.11277698018836628,-0.8855134557265577,0.11281675320883583
300,0.375,0.1116801392610451,-0.8774727418569396,0.11170929281604326
301,0.37625000000000003,0.11059326933514742,-0.8694959407181467,0.11061193774055808
302,0.3775,0.10951629095906355,-0.8615827008670864,0.10952460781521065
303,0.37875000000000003,0.10844912512191944,-0.8537326697152923,0.10844722330517421
304,0.38,0.10739169325490362,-0.8459454936126499,0.10737970490959488
305,0.38125000000000003,0.10634391723249213,-0.8382208179291967,0.10632197376311298
306,0.3825,0.10530571937357334,-0.8305582871350282,0.10527395143728133
307,0.38375000000000004,0.10427702244247541,-0.8229575448783492,0.10423555994187954
308,0.385,0.10325774964989828,-0.8154182340616999,0.10320672172612926
309,0.38625,0.10224782465375279,-0.8079399969163947,0.10218735967981112
310,0.3875,0.10124717155990878,-0.8005224750752039,0.10117739713428624
311,0.38875,0.10025571492285464,-0.7931653096433124,0.10017675786342456
312,0.39,0.09927337974627015,-0.7858681412675864,0.09918536608444148
313,0.39125,0.09830009148351493,-0.7786306102041806,0.0982031464586462
314,0.3925,0.09733577603803428,-0.7714523563845154,0.09723002409210192
315,0.39375,0.09638035976368471,-0.7643330194796568,0.0962659245362026
316,0.395,0.0954337694649808,-0.757272238963126,0.09531077378816526
317,0.39625,0.09449593239726559,-0.7502696541721705,0.09436449829144244
318,0.3975,0.09356677626680618,-0.7433249043675244,0.09342702493605488
319,0.39875,0.09264622923081657,-0.7364376287916871,0.09249828105884778
320,0.4,0.09173421989740939,-0.729607466725747,0.0915781944436709
321,0.40125,0.09083067732547842,-0.7228340575447795,0.0906666933214862
322,0.4025,0.08993553102451361,-0.7161170407718448,0.08976370637040303
323,0.40375,0.08904871095435035,-0.7094560561306129,0.08886916271564403
324,0.405,0.08817014752485455,-0.7028507435966413,0.08798299192944219
325,0.40625,0.08729977159554539,-0.6963007434473322,0.08710512403087263
326,0.40750000000000003,0.08643751447515714,-0.6898056963105921,0.08623548948561802
327,0.40875,0.08558330792114187,-0.6833652432122219,0.08537401920567238
328,0.41000000000000003,0.0847370841391143,-0.6769790256220591,0.08452064454898232
329,0.41125,0.08389877578224067,-0.6706466854988969,0.08367529731902881
330,0.41250000000000003,0.08306831595057292,-0.6643678653342046,0.0828379097643501
331,0.41375,0.08224563819032958,-0.6581422081946711,0.08200841457800843
332,0.41500000000000004,0.08143067649312509,-0.6519693577635954,0.0811867448970006
333,0.41625,0.08062336529514866,-0.6458489583811462,0.08037283430161503
334,0.4175,0.07982363947629427,-0.6397806550835111,0.07956661681473591
335,0.41875,0.07903143435924306,-0.6337640936409601,0.07876802690109684
336,0.42,0.0782466857084995,-0.6277989205948414,0.07797699946648406
337,0.42125,0.07746932972938259,-0.6218847832935328,0.07719346985689168
338,0.4225,0.07669930306697338,-0.6160213299273674,0.07641737385762981
339,0.42375,0.07593654280502019,-0.6102082095625548,0.07564864769238651
340,0.425,0.07518098646480253,-0.6044450721741185,0.0748872280222461
341,0.42625,0.0744325720039552,-0.5987315686778658,0.0741330519446633
342,0.4275,0.07369123781525343,-0.5930673509614136,0.07338605699239595
343,0.42875,0.07295692272536057,-0.587452071914285,0.07264618113239665
344,0.43,0.0722295659935392,-0.5818853854570979,0.07191336276466495
345,0.43125,0.07150910731032688,-0.5763669465698629,0.07118754072106065
346,0.4325,0.07079548679617761,-0.5708964113194072,0.07046865426408044
347,0.43375,0.07008864500007018,-0.5654734368859442,0.06975664308559767
348,0.435,0.06938852289808418,-0.5600976815888044,0.06905144730556731
349,0.43625,0.068695061891945,-0.5547688049113447,0.06835300747069649
350,0.4375,0.06800820380753869,-0.5494864675250543,0.06766126455308275
351,0.43875000000000003,0.06732789089339761,-0.5442503313128703,0.06697615994881916
352,0.44,0.06665406581915795,-0.5390600593917232,0.06629763547656956
353,0.44125000000000003,0.06598667167399004,-0.5339153161343249,0.06562563337611303
354,0.4425,0.06532565196500227,-0.5288157671902155,0.06496009630685964
355,0.44375000000000003,0.06467095061561967,-0.5237610795060854,0.06430096734633786
356,0.445,0.06402251196393793,-0.5187509213453857,0.06364818998865517
357,0.44625000000000004,0.06338028076105388,-0.5137849623072432,0.06300170814293203
358,0.4475,0.06274420216937301,-0.5088628733446939,0.06236146613171074
359,0.44875,0.062114221760895205,-0.5039843267822482,0.06172740868933936
360,0.45,0.0614902855154792,-0.49914899633280396,0.061099480960332686
361,0.45125,0.0608723398190868,-0.49435655711391874,0.06047762849770977
362,0.4525,0.06026033146200748,-0.4896066856634566,0.05986179726130974
363,0.45375,0.05965420763706421,-0.4848990599546211,0.05925193361608641
364,0.455,0.059053915937801224,-0.48023335941038864,0.05864798433038223
365,0.45625,0.05845940435665453,-0.47560926491735406,0.05804989657418318
366,0.4575,0.05787062128310578,-0.471026458839002,0.05745761791735413
367,0.45875,0.05728751550182026,-0.4664846250284152,0.056871096327856446
368,0.46,0.056710036190769725,-0.46198344884043235,0.056290280169948026
369,0.46125,0.05613813291934064,-0.45752261714326775,0.055715118202366805
370,0.4625,0.05557175564642863,-0.4531018183296036,0.055145559576497784
371,0.46375,0.05501085471851967,-0.4487207423271671,0.05458155383452545
372,0.465,0.05445538086775867,-0.4443790806088029,0.054023050907570806
373,0.46625,0.0539052852100061,-0.4400765262020526,0.05347000111381484
374,0.4675,0.053360519242883285,-0.43581277369825205,0.05292235515660821
375,0.46875,0.05282103484380684,-0.4315875192611562,0.0523800641225688
376,0.47000000000000003,0.05228678426801296,-0.4274004606351031,0.05184307947966615
377,0.47125,0.05175772014657205,-0.42325129715272714,0.05131135307529535
378,0.47250000000000003,0.051233795484394266,-0.41913972974223046,0.05078483713433924
379,0.47375,0.05071496365822649,-0.415065460934224,0.05026348425722049
380,0.47500000000000003,0.050201178414641306,-0.4110281948681467,0.049747247417943646
381,0.47625,0.049692393868018464,-0.4070276372982732,0.04923607996212822
382,0.47750000000000004,0.04918856449851931,-0.40306349559931864,0.048729935605032595
383,0.47875,0.04868964515005475,-0.3991354787716506,0.04822876842956994
384,0.48,0.0481955910282471,-0.3952432974461162,0.04773253288431617
385,0.48125,0.047706357698386485,-0.3913866638884942,0.04724118378151097
386,0.4825,0.04722190108338201,-0.38756529200358014,0.04675467629505178
387,0.48375,0.04674217746170837,-0.3837788973389134,0.046272965958481516
388,0.485,0.04626714346534817,-0.38002719708815413,0.045796008662970775
389,0.48625,0.045796756077730524,-0.3763099100941188,0.045323760655294164
390,0.4875,0.045330972631666175,-0.37262675685148217,0.044856178535802274
391,0.48875,0.044869750807279736,-0.3689774595091534,0.044393219256388776
392,0.49,0.04441304862993932,-0.3653617418723345,0.0439348401184536
393,0.49125,0.04396082446818399,-0.36177932940426855,0.043480998770862464
394,0.4925,0.04351303703164938,-0.3582299492276848,0.04303165320790323
395,0.49375,0.043069645368991945,-0.35471333012594886,0.04258676176723915
396,0.495,0.04263060886581204,-0.35122920254392415,0.042146283127860104
397,0.49625,0.04219588724257635,-0.34777729858855255,0.041710176308031366
398,0.4975,0.0417654405525399,-0.3443573520291608,0.04127840066324083
399,0.49875,0.04133922917966802,-0.3409690982974993,0.040850915884144724
400,0.5,0.04091721383655862,-0.3376122744875203,0.0404276819945128
